id,season,round,race_id,constructor_id,standing_position,points,wins,source_label
2024-01-bahrain|red_bull,2024,1,2024-01-bahrain,red_bull,1,44.0,1,derived_results_rollup
2024-01-bahrain|ferrari,2024,1,2024-01-bahrain,ferrari,2,27.0,0,derived_results_rollup
2024-01-bahrain|mercedes,2024,1,2024-01-bahrain,mercedes,3,16.0,0,derived_results_rollup
2024-01-bahrain|mclaren,2024,1,2024-01-bahrain,mclaren,4,12.0,0,derived_results_rollup
2024-01-bahrain|aston_martin,2024,1,2024-01-bahrain,aston_martin,5,3.0,0,derived_results_rollup
2024-01-bahrain|alpine,2024,1,2024-01-bahrain,alpine,6,0.0,0,derived_results_rollup
2024-01-bahrain|haas,2024,1,2024-01-bahrain,haas,7,0.0,0,derived_results_rollup
2024-01-bahrain|rb,2024,1,2024-01-bahrain,rb,8,0.0,0,derived_results_rollup
2024-01-bahrain|sauber,2024,1,2024-01-bahrain,sauber,9,0.0,0,derived_results_rollup
2024-01-bahrain|williams,2024,1,2024-01-bahrain,williams,10,0.0,0,derived_results_rollup
2024-02-jeddah|red_bull,2024,2,2024-02-jeddah,red_bull,1,87.0,2,derived_results_rollup
2024-02-jeddah|ferrari,2024,2,2024-02-jeddah,ferrari,2,49.0,0,derived_results_rollup
2024-02-jeddah|mclaren,2024,2,2024-02-jeddah,mclaren,3,28.0,0,derived_results_rollup
2024-02-jeddah|mercedes,2024,2,2024-02-jeddah,mercedes,4,26.0,0,derived_results_rollup
2024-02-jeddah|aston_martin,2024,2,2024-02-jeddah,aston_martin,5,13.0,0,derived_results_rollup
2024-02-jeddah|haas,2024,2,2024-02-jeddah,haas,6,1.0,0,derived_results_rollup
2024-02-jeddah|alpine,2024,2,2024-02-jeddah,alpine,7,0.0,0,derived_results_rollup
2024-02-jeddah|rb,2024,2,2024-02-jeddah,rb,8,0.0,0,derived_results_rollup
2024-02-jeddah|sauber,2024,2,2024-02-jeddah,sauber,9,0.0,0,derived_results_rollup
2024-02-jeddah|williams,2024,2,2024-02-jeddah,williams,10,0.0,0,derived_results_rollup
2024-03-albert_park|red_bull,2024,3,2024-03-albert_park,red_bull,1,97.0,2,derived_results_rollup
2024-03-albert_park|ferrari,2024,3,2024-03-albert_park,ferrari,2,93.0,1,derived_results_rollup
2024-03-albert_park|mclaren,2024,3,2024-03-albert_park,mclaren,3,55.0,0,derived_results_rollup
2024-03-albert_park|mercedes,2024,3,2024-03-albert_park,mercedes,4,26.0,0,derived_results_rollup
2024-03-albert_park|aston_martin,2024,3,2024-03-albert_park,aston_martin,5,25.0,0,derived_results_rollup
2024-03-albert_park|rb,2024,3,2024-03-albert_park,rb,6,6.0,0,derived_results_rollup
2024-03-albert_park|haas,2024,3,2024-03-albert_park,haas,7,4.0,0,derived_results_rollup
2024-03-albert_park|alpine,2024,3,2024-03-albert_park,alpine,8,0.0,0,derived_results_rollup
2024-03-albert_park|sauber,2024,3,2024-03-albert_park,sauber,9,0.0,0,derived_results_rollup
2024-03-albert_park|williams,2024,3,2024-03-albert_park,williams,10,0.0,0,derived_results_rollup
2024-04-suzuka|red_bull,2024,4,2024-04-suzuka,red_bull,1,141.0,3,derived_results_rollup
2024-04-suzuka|ferrari,2024,4,2024-04-suzuka,ferrari,2,120.0,1,derived_results_rollup
2024-04-suzuka|mclaren,2024,4,2024-04-suzuka,mclaren,3,69.0,0,derived_results_rollup
2024-04-suzuka|mercedes,2024,4,2024-04-suzuka,mercedes,4,34.0,0,derived_results_rollup
2024-04-suzuka|aston_martin,2024,4,2024-04-suzuka,aston_martin,5,33.0,0,derived_results_rollup
2024-04-suzuka|rb,2024,4,2024-04-suzuka,rb,6,7.0,0,derived_results_rollup
2024-04-suzuka|haas,2024,4,2024-04-suzuka,haas,7,4.0,0,derived_results_rollup
2024-04-suzuka|alpine,2024,4,2024-04-suzuka,alpine,8,0.0,0,derived_results_rollup
2024-04-suzuka|sauber,2024,4,2024-04-suzuka,sauber,9,0.0,0,derived_results_rollup
2024-04-suzuka|williams,2024,4,2024-04-suzuka,williams,10,0.0,0,derived_results_rollup
2024-05-shanghai|red_bull,2024,5,2024-05-shanghai,red_bull,1,195.0,4,derived_results_rollup
2024-05-shanghai|ferrari,2024,5,2024-05-shanghai,ferrari,2,151.0,1,derived_results_rollup
2024-05-shanghai|mclaren,2024,5,2024-05-shanghai,mclaren,3,96.0,0,derived_results_rollup
2024-05-shanghai|mercedes,2024,5,2024-05-shanghai,mercedes,4,52.0,0,derived_results_rollup
2024-05-shanghai|aston_martin,2024,5,2024-05-shanghai,aston_martin,5,40.0,0,derived_results_rollup
2024-05-shanghai|rb,2024,5,2024-05-shanghai,rb,6,7.0,0,derived_results_rollup
2024-05-shanghai|haas,2024,5,2024-05-shanghai,haas,7,5.0,0,derived_results_rollup
2024-05-shanghai|alpine,2024,5,2024-05-shanghai,alpine,8,0.0,0,derived_results_rollup
2024-05-shanghai|sauber,2024,5,2024-05-shanghai,sauber,9,0.0,0,derived_results_rollup
2024-05-shanghai|williams,2024,5,2024-05-shanghai,williams,10,0.0,0,derived_results_rollup
2024-06-miami|red_bull,2024,6,2024-06-miami,red_bull,1,239.0,4,derived_results_rollup
2024-06-miami|ferrari,2024,6,2024-06-miami,ferrari,2,187.0,1,derived_results_rollup
2024-06-miami|mclaren,2024,6,2024-06-miami,mclaren,3,124.0,1,derived_results_rollup
2024-06-miami|mercedes,2024,6,2024-06-miami,mercedes,4,64.0,0,derived_results_rollup
2024-06-miami|aston_martin,2024,6,2024-06-miami,aston_martin,5,42.0,0,derived_results_rollup
2024-06-miami|rb,2024,6,2024-06-miami,rb,6,19.0,0,derived_results_rollup
2024-06-miami|haas,2024,6,2024-06-miami,haas,7,7.0,0,derived_results_rollup
2024-06-miami|alpine,2024,6,2024-06-miami,alpine,8,1.0,0,derived_results_rollup
2024-06-miami|sauber,2024,6,2024-06-miami,sauber,9,0.0,0,derived_results_rollup
2024-06-miami|williams,2024,6,2024-06-miami,williams,10,0.0,0,derived_results_rollup
2024-07-imola|red_bull,2024,7,2024-07-imola,red_bull,1,268.0,5,derived_results_rollup
2024-07-imola|ferrari,2024,7,2024-07-imola,ferrari,2,212.0,1,derived_results_rollup
2024-07-imola|mclaren,2024,7,2024-07-imola,mclaren,3,154.0,1,derived_results_rollup
2024-07-imola|mercedes,2024,7,2024-07-imola,mercedes,4,79.0,0,derived_results_rollup
2024-07-imola|aston_martin,2024,7,2024-07-imola,aston_martin,5,44.0,0,derived_results_rollup
2024-07-imola|rb,2024,7,2024-07-imola,rb,6,20.0,0,derived_results_rollup
2024-07-imola|haas,2024,7,2024-07-imola,haas,7,7.0,0,derived_results_rollup
2024-07-imola|alpine,2024,7,2024-07-imola,alpine,8,1.0,0,derived_results_rollup
2024-07-imola|sauber,2024,7,2024-07-imola,sauber,9,0.0,0,derived_results_rollup
2024-07-imola|williams,2024,7,2024-07-imola,williams,10,0.0,0,derived_results_rollup
2024-08-monaco|red_bull,2024,8,2024-08-monaco,red_bull,1,276.0,5,derived_results_rollup
2024-08-monaco|ferrari,2024,8,2024-08-monaco,ferrari,2,252.0,2,derived_results_rollup
2024-08-monaco|mclaren,2024,8,2024-08-monaco,mclaren,3,184.0,1,derived_results_rollup
2024-08-monaco|mercedes,2024,8,2024-08-monaco,mercedes,4,96.0,0,derived_results_rollup
2024-08-monaco|aston_martin,2024,8,2024-08-monaco,aston_martin,5,44.0,0,derived_results_rollup
2024-08-monaco|rb,2024,8,2024-08-monaco,rb,6,24.0,0,derived_results_rollup
2024-08-monaco|haas,2024,8,2024-08-monaco,haas,7,7.0,0,derived_results_rollup
2024-08-monaco|alpine,2024,8,2024-08-monaco,alpine,8,2.0,0,derived_results_rollup
2024-08-monaco|williams,2024,8,2024-08-monaco,williams,9,2.0,0,derived_results_rollup
2024-08-monaco|sauber,2024,8,2024-08-monaco,sauber,10,0.0,0,derived_results_rollup
2024-09-villeneuve|red_bull,2024,9,2024-09-villeneuve,red_bull,1,301.0,6,derived_results_rollup
2024-09-villeneuve|ferrari,2024,9,2024-09-villeneuve,ferrari,2,252.0,2,derived_results_rollup
2024-09-villeneuve|mclaren,2024,9,2024-09-villeneuve,mclaren,3,212.0,1,derived_results_rollup
2024-09-villeneuve|mercedes,2024,9,2024-09-villeneuve,mercedes,4,124.0,0,derived_results_rollup
2024-09-villeneuve|aston_martin,2024,9,2024-09-villeneuve,aston_martin,5,58.0,0,derived_results_rollup
2024-09-villeneuve|rb,2024,9,2024-09-villeneuve,rb,6,28.0,0,derived_results_rollup
2024-09-villeneuve|haas,2024,9,2024-09-villeneuve,haas,7,7.0,0,derived_results_rollup
2024-09-villeneuve|alpine,2024,9,2024-09-villeneuve,alpine,8,5.0,0,derived_results_rollup
2024-09-villeneuve|williams,2024,9,2024-09-villeneuve,williams,9,2.0,0,derived_results_rollup
2024-09-villeneuve|sauber,2024,9,2024-09-villeneuve,sauber,10,0.0,0,derived_results_rollup
2024-10-catalunya|red_bull,2024,10,2024-10-catalunya,red_bull,1,330.0,7,derived_results_rollup
2024-10-catalunya|ferrari,2024,10,2024-10-catalunya,ferrari,2,270.0,2,derived_results_rollup
2024-10-catalunya|mclaren,2024,10,2024-10-catalunya,mclaren,3,237.0,1,derived_results_rollup
2024-10-catalunya|mercedes,2024,10,2024-10-catalunya,mercedes,4,151.0,0,derived_results_rollup
2024-10-catalunya|aston_martin,2024,10,2024-10-catalunya,aston_martin,5,58.0,0,derived_results_rollup
2024-10-catalunya|rb,2024,10,2024-10-catalunya,rb,6,28.0,0,derived_results_rollup
2024-10-catalunya|alpine,2024,10,2024-10-catalunya,alpine,7,8.0,0,derived_results_rollup
2024-10-catalunya|haas,2024,10,2024-10-catalunya,haas,8,7.0,0,derived_results_rollup
2024-10-catalunya|williams,2024,10,2024-10-catalunya,williams,9,2.0,0,derived_results_rollup
2024-10-catalunya|sauber,2024,10,2024-10-catalunya,sauber,10,0.0,0,derived_results_rollup
2024-11-red_bull_ring|red_bull,2024,11,2024-11-red_bull_ring,red_bull,1,355.0,7,derived_results_rollup
2024-11-red_bull_ring|ferrari,2024,11,2024-11-red_bull_ring,ferrari,2,291.0,2,derived_results_rollup
2024-11-red_bull_ring|mclaren,2024,11,2024-11-red_bull_ring,mclaren,3,268.0,1,derived_results_rollup
2024-11-red_bull_ring|mercedes,2024,11,2024-11-red_bull_ring,mercedes,4,196.0,1,derived_results_rollup
2024-11-red_bull_ring|aston_martin,2024,11,2024-11-red_bull_ring,aston_martin,5,58.0,0,derived_results_rollup
2024-11-red_bull_ring|rb,2024,11,2024-11-red_bull_ring,rb,6,30.0,0,derived_results_rollup
2024-11-red_bull_ring|haas,2024,11,2024-11-red_bull_ring,haas,7,19.0,0,derived_results_rollup
2024-11-red_bull_ring|alpine,2024,11,2024-11-red_bull_ring,alpine,8,9.0,0,derived_results_rollup
2024-11-red_bull_ring|williams,2024,11,2024-11-red_bull_ring,williams,9,2.0,0,derived_results_rollup
2024-11-red_bull_ring|sauber,2024,11,2024-11-red_bull_ring,sauber,10,0.0,0,derived_results_rollup
2024-12-silverstone|red_bull,2024,12,2024-12-silverstone,red_bull,1,373.0,7,derived_results_rollup
2024-12-silverstone|ferrari,2024,12,2024-12-silverstone,ferrari,2,302.0,2,derived_results_rollup
2024-12-silverstone|mclaren,2024,12,2024-12-silverstone,mclaren,3,295.0,1,derived_results_rollup
2024-12-silverstone|mercedes,2024,12,2024-12-silverstone,mercedes,4,221.0,2,derived_results_rollup
2024-12-silverstone|aston_martin,2024,12,2024-12-silverstone,aston_martin,5,68.0,0,derived_results_rollup
2024-12-silverstone|rb,2024,12,2024-12-silverstone,rb,6,31.0,0,derived_results_rollup
2024-12-silverstone|haas,2024,12,2024-12-silverstone,haas,7,27.0,0,derived_results_rollup
2024-12-silverstone|alpine,2024,12,2024-12-silverstone,alpine,8,9.0,0,derived_results_rollup
2024-12-silverstone|williams,2024,12,2024-12-silverstone,williams,9,4.0,0,derived_results_rollup
2024-12-silverstone|sauber,2024,12,2024-12-silverstone,sauber,10,0.0,0,derived_results_rollup
2024-13-hungaroring|red_bull,2024,13,2024-13-hungaroring,red_bull,1,389.0,7,derived_results_rollup
2024-13-hungaroring|mclaren,2024,13,2024-13-hungaroring,mclaren,2,338.0,2,derived_results_rollup
2024-13-hungaroring|ferrari,2024,13,2024-13-hungaroring,ferrari,3,322.0,2,derived_results_rollup
2024-13-hungaroring|mercedes,2024,13,2024-13-hungaroring,mercedes,4,241.0,2,derived_results_rollup
2024-13-hungaroring|aston_martin,2024,13,2024-13-hungaroring,aston_martin,5,69.0,0,derived_results_rollup
2024-13-hungaroring|rb,2024,13,2024-13-hungaroring,rb,6,33.0,0,derived_results_rollup
2024-13-hungaroring|haas,2024,13,2024-13-hungaroring,haas,7,27.0,0,derived_results_rollup
2024-13-hungaroring|alpine,2024,13,2024-13-hungaroring,alpine,8,9.0,0,derived_results_rollup
2024-13-hungaroring|williams,2024,13,2024-13-hungaroring,williams,9,4.0,0,derived_results_rollup
2024-13-hungaroring|sauber,2024,13,2024-13-hungaroring,sauber,10,0.0,0,derived_results_rollup
2024-14-spa|red_bull,2024,14,2024-14-spa,red_bull,1,408.0,7,derived_results_rollup
2024-14-spa|mclaren,2024,14,2024-14-spa,mclaren,2,366.0,2,derived_results_rollup
2024-14-spa|ferrari,2024,14,2024-14-spa,ferrari,3,345.0,2,derived_results_rollup
2024-14-spa|mercedes,2024,14,2024-14-spa,mercedes,4,266.0,3,derived_results_rollup
2024-14-spa|aston_martin,2024,14,2024-14-spa,aston_martin,5,73.0,0,derived_results_rollup
2024-14-spa|rb,2024,14,2024-14-spa,rb,6,34.0,0,derived_results_rollup
2024-14-spa|haas,2024,14,2024-14-spa,haas,7,27.0,0,derived_results_rollup
2024-14-spa|alpine,2024,14,2024-14-spa,alpine,8,11.0,0,derived_results_rollup
2024-14-spa|williams,2024,14,2024-14-spa,williams,9,4.0,0,derived_results_rollup
2024-14-spa|sauber,2024,14,2024-14-spa,sauber,10,0.0,0,derived_results_rollup
2024-15-zandvoort|red_bull,2024,15,2024-15-zandvoort,red_bull,1,434.0,7,derived_results_rollup
2024-15-zandvoort|mclaren,2024,15,2024-15-zandvoort,mclaren,2,404.0,3,derived_results_rollup
2024-15-zandvoort|ferrari,2024,15,2024-15-zandvoort,ferrari,3,370.0,2,derived_results_rollup
2024-15-zandvoort|mercedes,2024,15,2024-15-zandvoort,mercedes,4,276.0,3,derived_results_rollup
2024-15-zandvoort|aston_martin,2024,15,2024-15-zandvoort,aston_martin,5,74.0,0,derived_results_rollup
2024-15-zandvoort|rb,2024,15,2024-15-zandvoort,rb,6,34.0,0,derived_results_rollup
2024-15-zandvoort|haas,2024,15,2024-15-zandvoort,haas,7,27.0,0,derived_results_rollup
2024-15-zandvoort|alpine,2024,15,2024-15-zandvoort,alpine,8,13.0,0,derived_results_rollup
2024-15-zandvoort|williams,2024,15,2024-15-zandvoort,williams,9,4.0,0,derived_results_rollup
2024-15-zandvoort|sauber,2024,15,2024-15-zandvoort,sauber,10,0.0,0,derived_results_rollup
2024-16-monza|red_bull,2024,16,2024-16-monza,red_bull,1,446.0,7,derived_results_rollup
2024-16-monza|mclaren,2024,16,2024-16-monza,mclaren,2,438.0,3,derived_results_rollup
2024-16-monza|ferrari,2024,16,2024-16-monza,ferrari,3,407.0,3,derived_results_rollup
2024-16-monza|mercedes,2024,16,2024-16-monza,mercedes,4,292.0,3,derived_results_rollup
2024-16-monza|aston_martin,2024,16,2024-16-monza,aston_martin,5,74.0,0,derived_results_rollup
2024-16-monza|rb,2024,16,2024-16-monza,rb,6,34.0,0,derived_results_rollup
2024-16-monza|haas,2024,16,2024-16-monza,haas,7,28.0,0,derived_results_rollup
2024-16-monza|alpine,2024,16,2024-16-monza,alpine,8,13.0,0,derived_results_rollup
2024-16-monza|williams,2024,16,2024-16-monza,williams,9,6.0,0,derived_results_rollup
2024-16-monza|sauber,2024,16,2024-16-monza,sauber,10,0.0,0,derived_results_rollup
2024-17-baku|mclaren,2024,17,2024-17-baku,mclaren,1,476.0,4,derived_results_rollup
2024-17-baku|red_bull,2024,17,2024-17-baku,red_bull,2,456.0,7,derived_results_rollup
2024-17-baku|ferrari,2024,17,2024-17-baku,ferrari,3,425.0,3,derived_results_rollup
2024-17-baku|mercedes,2024,17,2024-17-baku,mercedes,4,309.0,3,derived_results_rollup
2024-17-baku|aston_martin,2024,17,2024-17-baku,aston_martin,5,82.0,0,derived_results_rollup
2024-17-baku|rb,2024,17,2024-17-baku,rb,6,34.0,0,derived_results_rollup
2024-17-baku|haas,2024,17,2024-17-baku,haas,7,29.0,0,derived_results_rollup
2024-17-baku|williams,2024,17,2024-17-baku,williams,8,16.0,0,derived_results_rollup
2024-17-baku|alpine,2024,17,2024-17-baku,alpine,9,13.0,0,derived_results_rollup
2024-17-baku|sauber,2024,17,2024-17-baku,sauber,10,0.0,0,derived_results_rollup
2024-18-marina_bay|mclaren,2024,18,2024-18-marina_bay,mclaren,1,516.0,5,derived_results_rollup
2024-18-marina_bay|red_bull,2024,18,2024-18-marina_bay,red_bull,2,475.0,7,derived_results_rollup
2024-18-marina_bay|ferrari,2024,18,2024-18-marina_bay,ferrari,3,441.0,3,derived_results_rollup
2024-18-marina_bay|mercedes,2024,18,2024-18-marina_bay,mercedes,4,329.0,3,derived_results_rollup
2024-18-marina_bay|aston_martin,2024,18,2024-18-marina_bay,aston_martin,5,86.0,0,derived_results_rollup
2024-18-marina_bay|rb,2024,18,2024-18-marina_bay,rb,6,34.0,0,derived_results_rollup
2024-18-marina_bay|haas,2024,18,2024-18-marina_bay,haas,7,31.0,0,derived_results_rollup
2024-18-marina_bay|williams,2024,18,2024-18-marina_bay,williams,8,16.0,0,derived_results_rollup
2024-18-marina_bay|alpine,2024,18,2024-18-marina_bay,alpine,9,13.0,0,derived_results_rollup
2024-18-marina_bay|sauber,2024,18,2024-18-marina_bay,sauber,10,0.0,0,derived_results_rollup
2024-19-americas|mclaren,2024,19,2024-19-americas,mclaren,1,544.0,5,derived_results_rollup
2024-19-americas|red_bull,2024,19,2024-19-americas,red_bull,2,504.0,7,derived_results_rollup
2024-19-americas|ferrari,2024,19,2024-19-americas,ferrari,3,496.0,4,derived_results_rollup
2024-19-americas|mercedes,2024,19,2024-19-americas,mercedes,4,344.0,3,derived_results_rollup
2024-19-americas|aston_martin,2024,19,2024-19-americas,aston_martin,5,86.0,0,derived_results_rollup
2024-19-americas|haas,2024,19,2024-19-americas,haas,6,38.0,0,derived_results_rollup
2024-19-americas|rb,2024,19,2024-19-americas,rb,7,36.0,0,derived_results_rollup
2024-19-americas|williams,2024,19,2024-19-americas,williams,8,17.0,0,derived_results_rollup
2024-19-americas|alpine,2024,19,2024-19-americas,alpine,9,13.0,0,derived_results_rollup
2024-19-americas|sauber,2024,19,2024-19-americas,sauber,10,0.0,0,derived_results_rollup
2024-20-rodriguez|mclaren,2024,20,2024-20-rodriguez,mclaren,1,566.0,5,derived_results_rollup
2024-20-rodriguez|ferrari,2024,20,2024-20-rodriguez,ferrari,2,537.0,5,derived_results_rollup
2024-20-rodriguez|red_bull,2024,20,2024-20-rodriguez,red_bull,3,512.0,7,derived_results_rollup
2024-20-rodriguez|mercedes,2024,20,2024-20-rodriguez,mercedes,4,366.0,3,derived_results_rollup
2024-20-rodriguez|aston_martin,2024,20,2024-20-rodriguez,aston_martin,5,86.0,0,derived_results_rollup
2024-20-rodriguez|haas,2024,20,2024-20-rodriguez,haas,6,46.0,0,derived_results_rollup
2024-20-rodriguez|rb,2024,20,2024-20-rodriguez,rb,7,36.0,0,derived_results_rollup
2024-20-rodriguez|williams,2024,20,2024-20-rodriguez,williams,8,17.0,0,derived_results_rollup
2024-20-rodriguez|alpine,2024,20,2024-20-rodriguez,alpine,9,14.0,0,derived_results_rollup
2024-20-rodriguez|sauber,2024,20,2024-20-rodriguez,sauber,10,0.0,0,derived_results_rollup
2024-21-interlagos|mclaren,2024,21,2024-21-interlagos,mclaren,1,593.0,5,derived_results_rollup
2024-21-interlagos|ferrari,2024,21,2024-21-interlagos,ferrari,2,557.0,5,derived_results_rollup
2024-21-interlagos|red_bull,2024,21,2024-21-interlagos,red_bull,3,544.0,8,derived_results_rollup
2024-21-interlagos|mercedes,2024,21,2024-21-interlagos,mercedes,4,382.0,3,derived_results_rollup
2024-21-interlagos|aston_martin,2024,21,2024-21-interlagos,aston_martin,5,86.0,0,derived_results_rollup
2024-21-interlagos|alpine,2024,21,2024-21-interlagos,alpine,6,49.0,0,derived_results_rollup
2024-21-interlagos|haas,2024,21,2024-21-interlagos,haas,7,46.0,0,derived_results_rollup
2024-21-interlagos|rb,2024,21,2024-21-interlagos,rb,8,44.0,0,derived_results_rollup
2024-21-interlagos|williams,2024,21,2024-21-interlagos,williams,9,17.0,0,derived_results_rollup
2024-21-interlagos|sauber,2024,21,2024-21-interlagos,sauber,10,0.0,0,derived_results_rollup
2024-22-vegas|mclaren,2024,22,2024-22-vegas,mclaren,1,608.0,5,derived_results_rollup
2024-22-vegas|ferrari,2024,22,2024-22-vegas,ferrari,2,584.0,5,derived_results_rollup
2024-22-vegas|red_bull,2024,22,2024-22-vegas,red_bull,3,555.0,8,derived_results_rollup
2024-22-vegas|mercedes,2024,22,2024-22-vegas,mercedes,4,425.0,4,derived_results_rollup
2024-22-vegas|aston_martin,2024,22,2024-22-vegas,aston_martin,5,86.0,0,derived_results_rollup
2024-22-vegas|haas,2024,22,2024-22-vegas,haas,6,50.0,0,derived_results_rollup
2024-22-vegas|alpine,2024,22,2024-22-vegas,alpine,7,49.0,0,derived_results_rollup
2024-22-vegas|rb,2024,22,2024-22-vegas,rb,8,46.0,0,derived_results_rollup
2024-22-vegas|williams,2024,22,2024-22-vegas,williams,9,17.0,0,derived_results_rollup
2024-22-vegas|sauber,2024,22,2024-22-vegas,sauber,10,0.0,0,derived_results_rollup
2024-23-losail|mclaren,2024,23,2024-23-losail,mclaren,1,640.0,5,derived_results_rollup
2024-23-losail|ferrari,2024,23,2024-23-losail,ferrari,2,619.0,5,derived_results_rollup
2024-23-losail|red_bull,2024,23,2024-23-losail,red_bull,3,581.0,9,derived_results_rollup
2024-23-losail|mercedes,2024,23,2024-23-losail,mercedes,4,446.0,4,derived_results_rollup
2024-23-losail|aston_martin,2024,23,2024-23-losail,aston_martin,5,92.0,0,derived_results_rollup
2024-23-losail|alpine,2024,23,2024-23-losail,alpine,6,59.0,0,derived_results_rollup
2024-23-losail|haas,2024,23,2024-23-losail,haas,7,54.0,0,derived_results_rollup
2024-23-losail|rb,2024,23,2024-23-losail,rb,8,46.0,0,derived_results_rollup
2024-23-losail|williams,2024,23,2024-23-losail,williams,9,17.0,0,derived_results_rollup
2024-23-losail|sauber,2024,23,2024-23-losail,sauber,10,4.0,0,derived_results_rollup
2024-24-yas_marina|mclaren,2024,24,2024-24-yas_marina,mclaren,1,666.0,6,derived_results_rollup
2024-24-yas_marina|ferrari,2024,24,2024-24-yas_marina,ferrari,2,652.0,5,derived_results_rollup
2024-24-yas_marina|red_bull,2024,24,2024-24-yas_marina,red_bull,3,589.0,9,derived_results_rollup
2024-24-yas_marina|mercedes,2024,24,2024-24-yas_marina,mercedes,4,468.0,4,derived_results_rollup
2024-24-yas_marina|aston_martin,2024,24,2024-24-yas_marina,aston_martin,5,94.0,0,derived_results_rollup
2024-24-yas_marina|alpine,2024,24,2024-24-yas_marina,alpine,6,65.0,0,derived_results_rollup
2024-24-yas_marina|haas,2024,24,2024-24-yas_marina,haas,7,58.0,0,derived_results_rollup
2024-24-yas_marina|rb,2024,24,2024-24-yas_marina,rb,8,46.0,0,derived_results_rollup
2024-24-yas_marina|williams,2024,24,2024-24-yas_marina,williams,9,17.0,0,derived_results_rollup
2024-24-yas_marina|sauber,2024,24,2024-24-yas_marina,sauber,10,4.0,0,derived_results_rollup
2025-01-albert_park|mclaren,2025,1,2025-01-albert_park,mclaren,1,27.0,1,derived_results_rollup
2025-01-albert_park|mercedes,2025,1,2025-01-albert_park,mercedes,2,27.0,0,derived_results_rollup
2025-01-albert_park|red_bull,2025,1,2025-01-albert_park,red_bull,3,18.0,0,derived_results_rollup
2025-01-albert_park|williams,2025,1,2025-01-albert_park,williams,4,10.0,0,derived_results_rollup
2025-01-albert_park|aston_martin,2025,1,2025-01-albert_park,aston_martin,5,8.0,0,derived_results_rollup
2025-01-albert_park|sauber,2025,1,2025-01-albert_park,sauber,6,6.0,0,derived_results_rollup
2025-01-albert_park|ferrari,2025,1,2025-01-albert_park,ferrari,7,5.0,0,derived_results_rollup
2025-01-albert_park|alpine,2025,1,2025-01-albert_park,alpine,8,0.0,0,derived_results_rollup
2025-01-albert_park|haas,2025,1,2025-01-albert_park,haas,9,0.0,0,derived_results_rollup
2025-01-albert_park|rb,2025,1,2025-01-albert_park,rb,10,0.0,0,derived_results_rollup
2025-02-shanghai|mclaren,2025,2,2025-02-shanghai,mclaren,1,78.0,2,derived_results_rollup
2025-02-shanghai|mercedes,2025,2,2025-02-shanghai,mercedes,2,57.0,0,derived_results_rollup
2025-02-shanghai|red_bull,2025,2,2025-02-shanghai,red_bull,3,36.0,0,derived_results_rollup
2025-02-shanghai|ferrari,2025,2,2025-02-shanghai,ferrari,4,17.0,0,derived_results_rollup
2025-02-shanghai|williams,2025,2,2025-02-shanghai,williams,5,17.0,0,derived_results_rollup
2025-02-shanghai|haas,2025,2,2025-02-shanghai,haas,6,14.0,0,derived_results_rollup
2025-02-shanghai|aston_martin,2025,2,2025-02-shanghai,aston_martin,7,10.0,0,derived_results_rollup
2025-02-shanghai|sauber,2025,2,2025-02-shanghai,sauber,8,6.0,0,derived_results_rollup
2025-02-shanghai|rb,2025,2,2025-02-shanghai,rb,9,3.0,0,derived_results_rollup
2025-02-shanghai|alpine,2025,2,2025-02-shanghai,alpine,10,0.0,0,derived_results_rollup
2025-03-suzuka|mclaren,2025,3,2025-03-suzuka,mclaren,1,111.0,2,derived_results_rollup
2025-03-suzuka|mercedes,2025,3,2025-03-suzuka,mercedes,2,75.0,0,derived_results_rollup
2025-03-suzuka|red_bull,2025,3,2025-03-suzuka,red_bull,3,61.0,1,derived_results_rollup
2025-03-suzuka|ferrari,2025,3,2025-03-suzuka,ferrari,4,35.0,0,derived_results_rollup
2025-03-suzuka|williams,2025,3,2025-03-suzuka,williams,5,19.0,0,derived_results_rollup
2025-03-suzuka|haas,2025,3,2025-03-suzuka,haas,6,15.0,0,derived_results_rollup
2025-03-suzuka|aston_martin,2025,3,2025-03-suzuka,aston_martin,7,10.0,0,derived_results_rollup
2025-03-suzuka|rb,2025,3,2025-03-suzuka,rb,8,7.0,0,derived_results_rollup
2025-03-suzuka|sauber,2025,3,2025-03-suzuka,sauber,9,6.0,0,derived_results_rollup
2025-03-suzuka|alpine,2025,3,2025-03-suzuka,alpine,10,0.0,0,derived_results_rollup
2025-04-bahrain|mclaren,2025,4,2025-04-bahrain,mclaren,1,151.0,3,derived_results_rollup
2025-04-bahrain|mercedes,2025,4,2025-04-bahrain,mercedes,2,93.0,0,derived_results_rollup
2025-04-bahrain|red_bull,2025,4,2025-04-bahrain,red_bull,3,71.0,1,derived_results_rollup
2025-04-bahrain|ferrari,2025,4,2025-04-bahrain,ferrari,4,57.0,0,derived_results_rollup
2025-04-bahrain|haas,2025,4,2025-04-bahrain,haas,5,20.0,0,derived_results_rollup
2025-04-bahrain|williams,2025,4,2025-04-bahrain,williams,6,19.0,0,derived_results_rollup
2025-04-bahrain|aston_martin,2025,4,2025-04-bahrain,aston_martin,7,10.0,0,derived_results_rollup
2025-04-bahrain|rb,2025,4,2025-04-bahrain,rb,8,7.0,0,derived_results_rollup
2025-04-bahrain|alpine,2025,4,2025-04-bahrain,alpine,9,6.0,0,derived_results_rollup
2025-04-bahrain|sauber,2025,4,2025-04-bahrain,sauber,10,6.0,0,derived_results_rollup
2025-05-jeddah|mclaren,2025,5,2025-05-jeddah,mclaren,1,188.0,4,derived_results_rollup
2025-05-jeddah|mercedes,2025,5,2025-05-jeddah,mercedes,2,111.0,0,derived_results_rollup
2025-05-jeddah|red_bull,2025,5,2025-05-jeddah,red_bull,3,89.0,1,derived_results_rollup
2025-05-jeddah|ferrari,2025,5,2025-05-jeddah,ferrari,4,78.0,0,derived_results_rollup
2025-05-jeddah|williams,2025,5,2025-05-jeddah,williams,5,25.0,0,derived_results_rollup
2025-05-jeddah|haas,2025,5,2025-05-jeddah,haas,6,20.0,0,derived_results_rollup
2025-05-jeddah|aston_martin,2025,5,2025-05-jeddah,aston_martin,7,10.0,0,derived_results_rollup
2025-05-jeddah|rb,2025,5,2025-05-jeddah,rb,8,8.0,0,derived_results_rollup
2025-05-jeddah|alpine,2025,5,2025-05-jeddah,alpine,9,6.0,0,derived_results_rollup
2025-05-jeddah|sauber,2025,5,2025-05-jeddah,sauber,10,6.0,0,derived_results_rollup
2025-06-miami|mclaren,2025,6,2025-06-miami,mclaren,1,246.0,5,derived_results_rollup
2025-06-miami|mercedes,2025,6,2025-06-miami,mercedes,2,141.0,0,derived_results_rollup
2025-06-miami|red_bull,2025,6,2025-06-miami,red_bull,3,105.0,1,derived_results_rollup
2025-06-miami|ferrari,2025,6,2025-06-miami,ferrari,4,94.0,0,derived_results_rollup
2025-06-miami|williams,2025,6,2025-06-miami,williams,5,37.0,0,derived_results_rollup
2025-06-miami|haas,2025,6,2025-06-miami,haas,6,20.0,0,derived_results_rollup
2025-06-miami|aston_martin,2025,6,2025-06-miami,aston_martin,7,14.0,0,derived_results_rollup
2025-06-miami|rb,2025,6,2025-06-miami,rb,8,8.0,0,derived_results_rollup
2025-06-miami|alpine,2025,6,2025-06-miami,alpine,9,7.0,0,derived_results_rollup
2025-06-miami|sauber,2025,6,2025-06-miami,sauber,10,6.0,0,derived_results_rollup
2025-07-imola|mclaren,2025,7,2025-07-imola,mclaren,1,279.0,5,derived_results_rollup
2025-07-imola|mercedes,2025,7,2025-07-imola,mercedes,2,147.0,0,derived_results_rollup
2025-07-imola|red_bull,2025,7,2025-07-imola,red_bull,3,131.0,2,derived_results_rollup
2025-07-imola|ferrari,2025,7,2025-07-imola,ferrari,4,114.0,0,derived_results_rollup
2025-07-imola|williams,2025,7,2025-07-imola,williams,5,51.0,0,derived_results_rollup
2025-07-imola|haas,2025,7,2025-07-imola,haas,6,20.0,0,derived_results_rollup
2025-07-imola|aston_martin,2025,7,2025-07-imola,aston_martin,7,14.0,0,derived_results_rollup
2025-07-imola|rb,2025,7,2025-07-imola,rb,8,10.0,0,derived_results_rollup
2025-07-imola|alpine,2025,7,2025-07-imola,alpine,9,7.0,0,derived_results_rollup
2025-07-imola|sauber,2025,7,2025-07-imola,sauber,10,6.0,0,derived_results_rollup
2025-08-monaco|mclaren,2025,8,2025-08-monaco,mclaren,1,319.0,6,derived_results_rollup
2025-08-monaco|mercedes,2025,8,2025-08-monaco,mercedes,2,147.0,0,derived_results_rollup
2025-08-monaco|red_bull,2025,8,2025-08-monaco,red_bull,3,143.0,2,derived_results_rollup
2025-08-monaco|ferrari,2025,8,2025-08-monaco,ferrari,4,142.0,0,derived_results_rollup
2025-08-monaco|williams,2025,8,2025-08-monaco,williams,5,54.0,0,derived_results_rollup
2025-08-monaco|haas,2025,8,2025-08-monaco,haas,6,26.0,0,derived_results_rollup
2025-08-monaco|rb,2025,8,2025-08-monaco,rb,7,22.0,0,derived_results_rollup
2025-08-monaco|aston_martin,2025,8,2025-08-monaco,aston_martin,8,14.0,0,derived_results_rollup
2025-08-monaco|alpine,2025,8,2025-08-monaco,alpine,9,7.0,0,derived_results_rollup
2025-08-monaco|sauber,2025,8,2025-08-monaco,sauber,10,6.0,0,derived_results_rollup
2025-09-catalunya|mclaren,2025,9,2025-09-catalunya,mclaren,1,362.0,7,derived_results_rollup
2025-09-catalunya|ferrari,2025,9,2025-09-catalunya,ferrari,2,165.0,0,derived_results_rollup
2025-09-catalunya|mercedes,2025,9,2025-09-catalunya,mercedes,3,159.0,0,derived_results_rollup
2025-09-catalunya|red_bull,2025,9,2025-09-catalunya,red_bull,4,144.0,2,derived_results_rollup
2025-09-catalunya|williams,2025,9,2025-09-catalunya,williams,5,54.0,0,derived_results_rollup
2025-09-catalunya|rb,2025,9,2025-09-catalunya,rb,6,28.0,0,derived_results_rollup
2025-09-catalunya|haas,2025,9,2025-09-catalunya,haas,7,26.0,0,derived_results_rollup
2025-09-catalunya|aston_martin,2025,9,2025-09-catalunya,aston_martin,8,16.0,0,derived_results_rollup
2025-09-catalunya|sauber,2025,9,2025-09-catalunya,sauber,9,16.0,0,derived_results_rollup
2025-09-catalunya|alpine,2025,9,2025-09-catalunya,alpine,10,11.0,0,derived_results_rollup
2025-10-villeneuve|mclaren,2025,10,2025-10-villeneuve,mclaren,1,374.0,7,derived_results_rollup
2025-10-villeneuve|mercedes,2025,10,2025-10-villeneuve,mercedes,2,199.0,1,derived_results_rollup
2025-10-villeneuve|ferrari,2025,10,2025-10-villeneuve,ferrari,3,183.0,0,derived_results_rollup
2025-10-villeneuve|red_bull,2025,10,2025-10-villeneuve,red_bull,4,162.0,2,derived_results_rollup
2025-10-villeneuve|williams,2025,10,2025-10-villeneuve,williams,5,55.0,0,derived_results_rollup
2025-10-villeneuve|haas,2025,10,2025-10-villeneuve,haas,6,28.0,0,derived_results_rollup
2025-10-villeneuve|rb,2025,10,2025-10-villeneuve,rb,7,28.0,0,derived_results_rollup
2025-10-villeneuve|aston_martin,2025,10,2025-10-villeneuve,aston_martin,8,22.0,0,derived_results_rollup
2025-10-villeneuve|sauber,2025,10,2025-10-villeneuve,sauber,9,20.0,0,derived_results_rollup
2025-10-villeneuve|alpine,2025,10,2025-10-villeneuve,alpine,10,11.0,0,derived_results_rollup
2025-11-red_bull_ring|mclaren,2025,11,2025-11-red_bull_ring,mclaren,1,417.0,8,derived_results_rollup
2025-11-red_bull_ring|ferrari,2025,11,2025-11-red_bull_ring,ferrari,2,210.0,0,derived_results_rollup
2025-11-red_bull_ring|mercedes,2025,11,2025-11-red_bull_ring,mercedes,3,209.0,1,derived_results_rollup
2025-11-red_bull_ring|red_bull,2025,11,2025-11-red_bull_ring,red_bull,4,162.0,2,derived_results_rollup
2025-11-red_bull_ring|williams,2025,11,2025-11-red_bull_ring,williams,5,55.0,0,derived_results_rollup
2025-11-red_bull_ring|rb,2025,11,2025-11-red_bull_ring,rb,6,36.0,0,derived_results_rollup
2025-11-red_bull_ring|haas,2025,11,2025-11-red_bull_ring,haas,7,29.0,0,derived_results_rollup
2025-11-red_bull_ring|aston_martin,2025,11,2025-11-red_bull_ring,aston_martin,8,28.0,0,derived_results_rollup
2025-11-red_bull_ring|sauber,2025,11,2025-11-red_bull_ring,sauber,9,26.0,0,derived_results_rollup
2025-11-red_bull_ring|alpine,2025,11,2025-11-red_bull_ring,alpine,10,11.0,0,derived_results_rollup
2025-12-silverstone|mclaren,2025,12,2025-12-silverstone,mclaren,1,460.0,9,derived_results_rollup
2025-12-silverstone|ferrari,2025,12,2025-12-silverstone,ferrari,2,222.0,0,derived_results_rollup
2025-12-silverstone|mercedes,2025,12,2025-12-silverstone,mercedes,3,210.0,1,derived_results_rollup
2025-12-silverstone|red_bull,2025,12,2025-12-silverstone,red_bull,4,172.0,2,derived_results_rollup
2025-12-silverstone|williams,2025,12,2025-12-silverstone,williams,5,59.0,0,derived_results_rollup
2025-12-silverstone|sauber,2025,12,2025-12-silverstone,sauber,6,41.0,0,derived_results_rollup
2025-12-silverstone|aston_martin,2025,12,2025-12-silverstone,aston_martin,7,36.0,0,derived_results_rollup
2025-12-silverstone|rb,2025,12,2025-12-silverstone,rb,8,36.0,0,derived_results_rollup
2025-12-silverstone|haas,2025,12,2025-12-silverstone,haas,9,29.0,0,derived_results_rollup
2025-12-silverstone|alpine,2025,12,2025-12-silverstone,alpine,10,19.0,0,derived_results_rollup
2025-13-spa|mclaren,2025,13,2025-13-spa,mclaren,1,516.0,10,derived_results_rollup
2025-13-spa|ferrari,2025,13,2025-13-spa,ferrari,2,248.0,0,derived_results_rollup
2025-13-spa|mercedes,2025,13,2025-13-spa,mercedes,3,220.0,1,derived_results_rollup
2025-13-spa|red_bull,2025,13,2025-13-spa,red_bull,4,192.0,2,derived_results_rollup
2025-13-spa|williams,2025,13,2025-13-spa,williams,5,70.0,0,derived_results_rollup
2025-13-spa|sauber,2025,13,2025-13-spa,sauber,6,43.0,0,derived_results_rollup
2025-13-spa|rb,2025,13,2025-13-spa,rb,7,41.0,0,derived_results_rollup
2025-13-spa|aston_martin,2025,13,2025-13-spa,aston_martin,8,36.0,0,derived_results_rollup
2025-13-spa|haas,2025,13,2025-13-spa,haas,9,35.0,0,derived_results_rollup
2025-13-spa|alpine,2025,13,2025-13-spa,alpine,10,20.0,0,derived_results_rollup
2025-14-hungaroring|mclaren,2025,14,2025-14-hungaroring,mclaren,1,559.0,11,derived_results_rollup
2025-14-hungaroring|ferrari,2025,14,2025-14-hungaroring,ferrari,2,260.0,0,derived_results_rollup
2025-14-hungaroring|mercedes,2025,14,2025-14-hungaroring,mercedes,3,236.0,1,derived_results_rollup
2025-14-hungaroring|red_bull,2025,14,2025-14-hungaroring,red_bull,4,194.0,2,derived_results_rollup
2025-14-hungaroring|williams,2025,14,2025-14-hungaroring,williams,5,70.0,0,derived_results_rollup
2025-14-hungaroring|aston_martin,2025,14,2025-14-hungaroring,aston_martin,6,52.0,0,derived_results_rollup
2025-14-hungaroring|sauber,2025,14,2025-14-hungaroring,sauber,7,51.0,0,derived_results_rollup
2025-14-hungaroring|rb,2025,14,2025-14-hungaroring,rb,8,45.0,0,derived_results_rollup
2025-14-hungaroring|haas,2025,14,2025-14-hungaroring,haas,9,35.0,0,derived_results_rollup
2025-14-hungaroring|alpine,2025,14,2025-14-hungaroring,alpine,10,20.0,0,derived_results_rollup
2025-15-zandvoort|mclaren,2025,15,2025-15-zandvoort,mclaren,1,584.0,12,derived_results_rollup
2025-15-zandvoort|ferrari,2025,15,2025-15-zandvoort,ferrari,2,260.0,0,derived_results_rollup
2025-15-zandvoort|mercedes,2025,15,2025-15-zandvoort,mercedes,3,248.0,1,derived_results_rollup
2025-15-zandvoort|red_bull,2025,15,2025-15-zandvoort,red_bull,4,214.0,2,derived_results_rollup
2025-15-zandvoort|williams,2025,15,2025-15-zandvoort,williams,5,80.0,0,derived_results_rollup
2025-15-zandvoort|aston_martin,2025,15,2025-15-zandvoort,aston_martin,6,62.0,0,derived_results_rollup
2025-15-zandvoort|rb,2025,15,2025-15-zandvoort,rb,7,60.0,0,derived_results_rollup
2025-15-zandvoort|sauber,2025,15,2025-15-zandvoort,sauber,8,51.0,0,derived_results_rollup
2025-15-zandvoort|haas,2025,15,2025-15-zandvoort,haas,9,44.0,0,derived_results_rollup
2025-15-zandvoort|alpine,2025,15,2025-15-zandvoort,alpine,10,20.0,0,derived_results_rollup
2025-16-monza|mclaren,2025,16,2025-16-monza,mclaren,1,617.0,12,derived_results_rollup
2025-16-monza|ferrari,2025,16,2025-16-monza,ferrari,2,280.0,0,derived_results_rollup
2025-16-monza|mercedes,2025,16,2025-16-monza,mercedes,3,260.0,1,derived_results_rollup
2025-16-monza|red_bull,2025,16,2025-16-monza,red_bull,4,239.0,3,derived_results_rollup
2025-16-monza|williams,2025,16,2025-16-monza,williams,5,86.0,0,derived_results_rollup
2025-16-monza|aston_martin,2025,16,2025-16-monza,aston_martin,6,62.0,0,derived_results_rollup
2025-16-monza|rb,2025,16,2025-16-monza,rb,7,61.0,0,derived_results_rollup
2025-16-monza|sauber,2025,16,2025-16-monza,sauber,8,55.0,0,derived_results_rollup
2025-16-monza|haas,2025,16,2025-16-monza,haas,9,44.0,0,derived_results_rollup
2025-16-monza|alpine,2025,16,2025-16-monza,alpine,10,20.0,0,derived_results_rollup
2025-17-baku|mclaren,2025,17,2025-17-baku,mclaren,1,623.0,12,derived_results_rollup
2025-17-baku|mercedes,2025,17,2025-17-baku,mercedes,2,290.0,1,derived_results_rollup
2025-17-baku|ferrari,2025,17,2025-17-baku,ferrari,3,286.0,0,derived_results_rollup
2025-17-baku|red_bull,2025,17,2025-17-baku,red_bull,4,272.0,4,derived_results_rollup
2025-17-baku|williams,2025,17,2025-17-baku,williams,5,101.0,0,derived_results_rollup
2025-17-baku|rb,2025,17,2025-17-baku,rb,6,72.0,0,derived_results_rollup
2025-17-baku|aston_martin,2025,17,2025-17-baku,aston_martin,7,62.0,0,derived_results_rollup
2025-17-baku|sauber,2025,17,2025-17-baku,sauber,8,55.0,0,derived_results_rollup
2025-17-baku|haas,2025,17,2025-17-baku,haas,9,44.0,0,derived_results_rollup
2025-17-baku|alpine,2025,17,2025-17-baku,alpine,10,20.0,0,derived_results_rollup
2025-18-marina_bay|mclaren,2025,18,2025-18-marina_bay,mclaren,1,650.0,12,derived_results_rollup
2025-18-marina_bay|mercedes,2025,18,2025-18-marina_bay,mercedes,2,325.0,2,derived_results_rollup
2025-18-marina_bay|ferrari,2025,18,2025-18-marina_bay,ferrari,3,298.0,0,derived_results_rollup
2025-18-marina_bay|red_bull,2025,18,2025-18-marina_bay,red_bull,4,290.0,4,derived_results_rollup
2025-18-marina_bay|williams,2025,18,2025-18-marina_bay,williams,5,102.0,0,derived_results_rollup
2025-18-marina_bay|rb,2025,18,2025-18-marina_bay,rb,6,72.0,0,derived_results_rollup
2025-18-marina_bay|aston_martin,2025,18,2025-18-marina_bay,aston_martin,7,68.0,0,derived_results_rollup
2025-18-marina_bay|sauber,2025,18,2025-18-marina_bay,sauber,8,55.0,0,derived_results_rollup
2025-18-marina_bay|haas,2025,18,2025-18-marina_bay,haas,9,46.0,0,derived_results_rollup
2025-18-marina_bay|alpine,2025,18,2025-18-marina_bay,alpine,10,20.0,0,derived_results_rollup
2025-19-americas|mclaren,2025,19,2025-19-americas,mclaren,1,678.0,12,derived_results_rollup
2025-19-americas|mercedes,2025,19,2025-19-americas,mercedes,2,341.0,2,derived_results_rollup
2025-19-americas|ferrari,2025,19,2025-19-americas,ferrari,3,334.0,0,derived_results_rollup
2025-19-americas|red_bull,2025,19,2025-19-americas,red_bull,4,331.0,5,derived_results_rollup
2025-19-americas|williams,2025,19,2025-19-americas,williams,5,111.0,0,derived_results_rollup
2025-19-americas|rb,2025,19,2025-19-americas,rb,6,72.0,0,derived_results_rollup
2025-19-americas|aston_martin,2025,19,2025-19-americas,aston_martin,7,69.0,0,derived_results_rollup
2025-19-americas|sauber,2025,19,2025-19-americas,sauber,8,59.0,0,derived_results_rollup
2025-19-americas|haas,2025,19,2025-19-americas,haas,9,48.0,0,derived_results_rollup
2025-19-americas|alpine,2025,19,2025-19-americas,alpine,10,20.0,0,derived_results_rollup
2025-20-rodriguez|mclaren,2025,20,2025-20-rodriguez,mclaren,1,713.0,13,derived_results_rollup
2025-20-rodriguez|ferrari,2025,20,2025-20-rodriguez,ferrari,2,356.0,0,derived_results_rollup
2025-20-rodriguez|mercedes,2025,20,2025-20-rodriguez,mercedes,3,355.0,2,derived_results_rollup
2025-20-rodriguez|red_bull,2025,20,2025-20-rodriguez,red_bull,4,346.0,5,derived_results_rollup
2025-20-rodriguez|williams,2025,20,2025-20-rodriguez,williams,5,111.0,0,derived_results_rollup
2025-20-rodriguez|rb,2025,20,2025-20-rodriguez,rb,6,72.0,0,derived_results_rollup
2025-20-rodriguez|aston_martin,2025,20,2025-20-rodriguez,aston_martin,7,69.0,0,derived_results_rollup
2025-20-rodriguez|haas,2025,20,2025-20-rodriguez,haas,8,62.0,0,derived_results_rollup
2025-20-rodriguez|sauber,2025,20,2025-20-rodriguez,sauber,9,60.0,0,derived_results_rollup
2025-20-rodriguez|alpine,2025,20,2025-20-rodriguez,alpine,10,20.0,0,derived_results_rollup
2025-21-interlagos|mclaren,2025,21,2025-21-interlagos,mclaren,1,756.0,14,derived_results_rollup
2025-21-interlagos|mercedes,2025,21,2025-21-interlagos,mercedes,2,398.0,2,derived_results_rollup
2025-21-interlagos|red_bull,2025,21,2025-21-interlagos,red_bull,3,366.0,5,derived_results_rollup
2025-21-interlagos|ferrari,2025,21,2025-21-interlagos,ferrari,4,362.0,0,derived_results_rollup
2025-21-interlagos|williams,2025,21,2025-21-interlagos,williams,5,111.0,0,derived_results_rollup
2025-21-interlagos|rb,2025,21,2025-21-interlagos,rb,6,82.0,0,derived_results_rollup
2025-21-interlagos|aston_martin,2025,21,2025-21-interlagos,aston_martin,7,72.0,0,derived_results_rollup
2025-21-interlagos|haas,2025,21,2025-21-interlagos,haas,8,70.0,0,derived_results_rollup
2025-21-interlagos|sauber,2025,21,2025-21-interlagos,sauber,9,62.0,0,derived_results_rollup
2025-21-interlagos|alpine,2025,21,2025-21-interlagos,alpine,10,22.0,0,derived_results_rollup
2025-22-vegas|mclaren,2025,22,2025-22-vegas,mclaren,1,756.0,14,derived_results_rollup
2025-22-vegas|mercedes,2025,22,2025-22-vegas,mercedes,2,431.0,2,derived_results_rollup
2025-22-vegas|red_bull,2025,22,2025-22-vegas,red_bull,3,391.0,6,derived_results_rollup
2025-22-vegas|ferrari,2025,22,2025-22-vegas,ferrari,4,378.0,0,derived_results_rollup
2025-22-vegas|williams,2025,22,2025-22-vegas,williams,5,121.0,0,derived_results_rollup
2025-22-vegas|rb,2025,22,2025-22-vegas,rb,6,90.0,0,derived_results_rollup
2025-22-vegas|haas,2025,22,2025-22-vegas,haas,7,73.0,0,derived_results_rollup
2025-22-vegas|aston_martin,2025,22,2025-22-vegas,aston_martin,8,72.0,0,derived_results_rollup
2025-22-vegas|sauber,2025,22,2025-22-vegas,sauber,9,68.0,0,derived_results_rollup
2025-22-vegas|alpine,2025,22,2025-22-vegas,alpine,10,22.0,0,derived_results_rollup
2025-23-losail|mclaren,2025,23,2025-23-losail,mclaren,1,800.0,14,derived_results_rollup
2025-23-losail|mercedes,2025,23,2025-23-losail,mercedes,2,459.0,2,derived_results_rollup
2025-23-losail|red_bull,2025,23,2025-23-losail,red_bull,3,426.0,7,derived_results_rollup
2025-23-losail|ferrari,2025,23,2025-23-losail,ferrari,4,382.0,0,derived_results_rollup
2025-23-losail|williams,2025,23,2025-23-losail,williams,5,137.0,0,derived_results_rollup
2025-23-losail|rb,2025,23,2025-23-losail,rb,6,92.0,0,derived_results_rollup
2025-23-losail|aston_martin,2025,23,2025-23-losail,aston_martin,7,80.0,0,derived_results_rollup
2025-23-losail|haas,2025,23,2025-23-losail,haas,8,73.0,0,derived_results_rollup
2025-23-losail|sauber,2025,23,2025-23-losail,sauber,9,68.0,0,derived_results_rollup
2025-23-losail|alpine,2025,23,2025-23-losail,alpine,10,22.0,0,derived_results_rollup
2025-24-yas_marina|mclaren,2025,24,2025-24-yas_marina,mclaren,1,833.0,14,derived_results_rollup
2025-24-yas_marina|mercedes,2025,24,2025-24-yas_marina,mercedes,2,469.0,2,derived_results_rollup
2025-24-yas_marina|red_bull,2025,24,2025-24-yas_marina,red_bull,3,451.0,8,derived_results_rollup
2025-24-yas_marina|ferrari,2025,24,2025-24-yas_marina,ferrari,4,398.0,0,derived_results_rollup
2025-24-yas_marina|williams,2025,24,2025-24-yas_marina,williams,5,137.0,0,derived_results_rollup
2025-24-yas_marina|rb,2025,24,2025-24-yas_marina,rb,6,92.0,0,derived_results_rollup
2025-24-yas_marina|aston_martin,2025,24,2025-24-yas_marina,aston_martin,7,89.0,0,derived_results_rollup
2025-24-yas_marina|haas,2025,24,2025-24-yas_marina,haas,8,79.0,0,derived_results_rollup
2025-24-yas_marina|sauber,2025,24,2025-24-yas_marina,sauber,9,70.0,0,derived_results_rollup
2025-24-yas_marina|alpine,2025,24,2025-24-yas_marina,alpine,10,22.0,0,derived_results_rollup
2026-01-albert_park|mercedes,2026,1,2026-01-albert_park,mercedes,1,43.0,1,derived_results_rollup
2026-01-albert_park|ferrari,2026,1,2026-01-albert_park,ferrari,2,27.0,0,derived_results_rollup
2026-01-albert_park|mclaren,2026,1,2026-01-albert_park,mclaren,3,10.0,0,derived_results_rollup
2026-01-albert_park|red_bull,2026,1,2026-01-albert_park,red_bull,4,8.0,0,derived_results_rollup
2026-01-albert_park|haas,2026,1,2026-01-albert_park,haas,5,6.0,0,derived_results_rollup
2026-01-albert_park|rb,2026,1,2026-01-albert_park,rb,6,4.0,0,derived_results_rollup
2026-01-albert_park|audi,2026,1,2026-01-albert_park,audi,7,2.0,0,derived_results_rollup
2026-01-albert_park|alpine,2026,1,2026-01-albert_park,alpine,8,1.0,0,derived_results_rollup
2026-01-albert_park|aston_martin,2026,1,2026-01-albert_park,aston_martin,9,0.0,0,derived_results_rollup
2026-01-albert_park|cadillac,2026,1,2026-01-albert_park,cadillac,10,0.0,0,derived_results_rollup
2026-01-albert_park|williams,2026,1,2026-01-albert_park,williams,11,0.0,0,derived_results_rollup
2026-02-shanghai|mercedes,2026,2,2026-02-shanghai,mercedes,1,98.0,2,derived_results_rollup
2026-02-shanghai|ferrari,2026,2,2026-02-shanghai,ferrari,2,67.0,0,derived_results_rollup
2026-02-shanghai|mclaren,2026,2,2026-02-shanghai,mclaren,3,18.0,0,derived_results_rollup
2026-02-shanghai|haas,2026,2,2026-02-shanghai,haas,4,17.0,0,derived_results_rollup
2026-02-shanghai|rb,2026,2,2026-02-shanghai,rb,5,12.0,0,derived_results_rollup
2026-02-shanghai|red_bull,2026,2,2026-02-shanghai,red_bull,6,12.0,0,derived_results_rollup
2026-02-shanghai|alpine,2026,2,2026-02-shanghai,alpine,7,10.0,0,derived_results_rollup
2026-02-shanghai|audi,2026,2,2026-02-shanghai,audi,8,2.0,0,derived_results_rollup
2026-02-shanghai|williams,2026,2,2026-02-shanghai,williams,9,2.0,0,derived_results_rollup
2026-02-shanghai|aston_martin,2026,2,2026-02-shanghai,aston_martin,10,0.0,0,derived_results_rollup
2026-02-shanghai|cadillac,2026,2,2026-02-shanghai,cadillac,11,0.0,0,derived_results_rollup
2026-03-suzuka|mercedes,2026,3,2026-03-suzuka,mercedes,1,135.0,3,derived_results_rollup
2026-03-suzuka|ferrari,2026,3,2026-03-suzuka,ferrari,2,90.0,0,derived_results_rollup
2026-03-suzuka|mclaren,2026,3,2026-03-suzuka,mclaren,3,46.0,0,derived_results_rollup
2026-03-suzuka|haas,2026,3,2026-03-suzuka,haas,4,18.0,0,derived_results_rollup
2026-03-suzuka|alpine,2026,3,2026-03-suzuka,alpine,5,16.0,0,derived_results_rollup
2026-03-suzuka|red_bull,2026,3,2026-03-suzuka,red_bull,6,16.0,0,derived_results_rollup
2026-03-suzuka|rb,2026,3,2026-03-suzuka,rb,7,14.0,0,derived_results_rollup
2026-03-suzuka|audi,2026,3,2026-03-suzuka,audi,8,2.0,0,derived_results_rollup
2026-03-suzuka|williams,2026,3,2026-03-suzuka,williams,9,2.0,0,derived_results_rollup
2026-03-suzuka|aston_martin,2026,3,2026-03-suzuka,aston_martin,10,0.0,0,derived_results_rollup
2026-03-suzuka|cadillac,2026,3,2026-03-suzuka,cadillac,11,0.0,0,derived_results_rollup
2026-04-miami|mercedes,2026,4,2026-04-miami,mercedes,1,180.0,4,derived_results_rollup
2026-04-miami|ferrari,2026,4,2026-04-miami,ferrari,2,110.0,0,derived_results_rollup
2026-04-miami|mclaren,2026,4,2026-04-miami,mclaren,3,94.0,0,derived_results_rollup
2026-04-miami|red_bull,2026,4,2026-04-miami,red_bull,4,30.0,0,derived_results_rollup
2026-04-miami|alpine,2026,4,2026-04-miami,alpine,5,23.0,0,derived_results_rollup
2026-04-miami|haas,2026,4,2026-04-miami,haas,6,18.0,0,derived_results_rollup
2026-04-miami|rb,2026,4,2026-04-miami,rb,7,14.0,0,derived_results_rollup
2026-04-miami|williams,2026,4,2026-04-miami,williams,8,5.0,0,derived_results_rollup
2026-04-miami|audi,2026,4,2026-04-miami,audi,9,2.0,0,derived_results_rollup
2026-04-miami|aston_martin,2026,4,2026-04-miami,aston_martin,10,0.0,0,derived_results_rollup
2026-04-miami|cadillac,2026,4,2026-04-miami,cadillac,11,0.0,0,derived_results_rollup
2026-05-villeneuve|mercedes,2026,5,2026-05-villeneuve,mercedes,1,219.0,5,derived_results_rollup
2026-05-villeneuve|ferrari,2026,5,2026-05-villeneuve,ferrari,2,147.0,0,derived_results_rollup
2026-05-villeneuve|mclaren,2026,5,2026-05-villeneuve,mclaren,3,106.0,0,derived_results_rollup
2026-05-villeneuve|red_bull,2026,5,2026-05-villeneuve,red_bull,4,57.0,0,derived_results_rollup
2026-05-villeneuve|alpine,2026,5,2026-05-villeneuve,alpine,5,35.0,0,derived_results_rollup
2026-05-villeneuve|rb,2026,5,2026-05-villeneuve,rb,6,21.0,0,derived_results_rollup
2026-05-villeneuve|haas,2026,5,2026-05-villeneuve,haas,7,19.0,0,derived_results_rollup
2026-05-villeneuve|williams,2026,5,2026-05-villeneuve,williams,8,7.0,0,derived_results_rollup
2026-05-villeneuve|audi,2026,5,2026-05-villeneuve,audi,9,2.0,0,derived_results_rollup
2026-05-villeneuve|aston_martin,2026,5,2026-05-villeneuve,aston_martin,10,0.0,0,derived_results_rollup
2026-05-villeneuve|cadillac,2026,5,2026-05-villeneuve,cadillac,11,0.0,0,derived_results_rollup
2026-06-monaco|mercedes,2026,6,2026-06-monaco,mercedes,1,244.0,6,derived_results_rollup
2026-06-monaco|ferrari,2026,6,2026-06-monaco,ferrari,2,165.0,0,derived_results_rollup
2026-06-monaco|mclaren,2026,6,2026-06-monaco,mclaren,3,116.0,0,derived_results_rollup
2026-06-monaco|red_bull,2026,6,2026-06-monaco,red_bull,4,69.0,0,derived_results_rollup
2026-06-monaco|alpine,2026,6,2026-06-monaco,alpine,5,50.0,0,derived_results_rollup
2026-06-monaco|rb,2026,6,2026-06-monaco,rb,6,35.0,0,derived_results_rollup
2026-06-monaco|haas,2026,6,2026-06-monaco,haas,7,21.0,0,derived_results_rollup
2026-06-monaco|williams,2026,6,2026-06-monaco,williams,8,11.0,0,derived_results_rollup
2026-06-monaco|audi,2026,6,2026-06-monaco,audi,9,2.0,0,derived_results_rollup
2026-06-monaco|aston_martin,2026,6,2026-06-monaco,aston_martin,10,1.0,0,derived_results_rollup
2026-06-monaco|cadillac,2026,6,2026-06-monaco,cadillac,11,0.0,0,derived_results_rollup
2026-07-catalunya|mercedes,2026,7,2026-07-catalunya,mercedes,1,262.0,6,derived_results_rollup
2026-07-catalunya|ferrari,2026,7,2026-07-catalunya,ferrari,2,190.0,1,derived_results_rollup
2026-07-catalunya|mclaren,2026,7,2026-07-catalunya,mclaren,3,141.0,0,derived_results_rollup
2026-07-catalunya|red_bull,2026,7,2026-07-catalunya,red_bull,4,89.0,0,derived_results_rollup
2026-07-catalunya|alpine,2026,7,2026-07-catalunya,alpine,5,57.0,0,derived_results_rollup
2026-07-catalunya|rb,2026,7,2026-07-catalunya,rb,6,41.0,0,derived_results_rollup
2026-07-catalunya|haas,2026,7,2026-07-catalunya,haas,7,21.0,0,derived_results_rollup
2026-07-catalunya|williams,2026,7,2026-07-catalunya,williams,8,11.0,0,derived_results_rollup
2026-07-catalunya|audi,2026,7,2026-07-catalunya,audi,9,2.0,0,derived_results_rollup
2026-07-catalunya|aston_martin,2026,7,2026-07-catalunya,aston_martin,10,1.0,0,derived_results_rollup
2026-07-catalunya|cadillac,2026,7,2026-07-catalunya,cadillac,11,0.0,0,derived_results_rollup
2026-08-red_bull_ring|mercedes,2026,8,2026-08-red_bull_ring,mercedes,1,302.0,7,derived_results_rollup
2026-08-red_bull_ring|ferrari,2026,8,2026-08-red_bull_ring,ferrari,2,204.0,1,derived_results_rollup
2026-08-red_bull_ring|mclaren,2026,8,2026-08-red_bull_ring,mclaren,3,159.0,0,derived_results_rollup
2026-08-red_bull_ring|red_bull,2026,8,2026-08-red_bull_ring,red_bull,4,115.0,0,derived_results_rollup
2026-08-red_bull_ring|alpine,2026,8,2026-08-red_bull_ring,alpine,5,57.0,0,derived_results_rollup
2026-08-red_bull_ring|rb,2026,8,2026-08-red_bull_ring,rb,6,44.0,0,derived_results_rollup
2026-08-red_bull_ring|haas,2026,8,2026-08-red_bull_ring,haas,7,21.0,0,derived_results_rollup
2026-08-red_bull_ring|williams,2026,8,2026-08-red_bull_ring,williams,8,11.0,0,derived_results_rollup
2026-08-red_bull_ring|audi,2026,8,2026-08-red_bull_ring,audi,9,2.0,0,derived_results_rollup
2026-08-red_bull_ring|aston_martin,2026,8,2026-08-red_bull_ring,aston_martin,10,1.0,0,derived_results_rollup
2026-08-red_bull_ring|cadillac,2026,8,2026-08-red_bull_ring,cadillac,11,0.0,0,derived_results_rollup
2026-09-silverstone|mercedes,2026,9,2026-09-silverstone,mercedes,1,333.0,7,derived_results_rollup
2026-09-silverstone|ferrari,2026,9,2026-09-silverstone,ferrari,2,255.0,2,derived_results_rollup
2026-09-silverstone|mclaren,2026,9,2026-09-silverstone,mclaren,3,179.0,0,derived_results_rollup
2026-09-silverstone|red_bull,2026,9,2026-09-silverstone,red_bull,4,128.0,0,derived_results_rollup
2026-09-silverstone|alpine,2026,9,2026-09-silverstone,alpine,5,60.0,0,derived_results_rollup
2026-09-silverstone|rb,2026,9,2026-09-silverstone,rb,6,59.0,0,derived_results_rollup
2026-09-silverstone|haas,2026,9,2026-09-silverstone,haas,7,21.0,0,derived_results_rollup
2026-09-silverstone|williams,2026,9,2026-09-silverstone,williams,8,11.0,0,derived_results_rollup
2026-09-silverstone|audi,2026,9,2026-09-silverstone,audi,9,6.0,0,derived_results_rollup
2026-09-silverstone|aston_martin,2026,9,2026-09-silverstone,aston_martin,10,1.0,0,derived_results_rollup
2026-09-silverstone|cadillac,2026,9,2026-09-silverstone,cadillac,11,0.0,0,derived_results_rollup
2026-10-spa|mercedes,2026,10,2026-10-spa,mercedes,1,358.0,8,derived_results_rollup
2026-10-spa|ferrari,2026,10,2026-10-spa,ferrari,2,285.0,2,derived_results_rollup
2026-10-spa|mclaren,2026,10,2026-10-spa,mclaren,3,195.0,0,derived_results_rollup
2026-10-spa|red_bull,2026,10,2026-10-spa,red_bull,4,151.0,0,derived_results_rollup
2026-10-spa|alpine,2026,10,2026-10-spa,alpine,5,61.0,0,derived_results_rollup
2026-10-spa|rb,2026,10,2026-10-spa,rb,6,61.0,0,derived_results_rollup
2026-10-spa|haas,2026,10,2026-10-spa,haas,7,21.0,0,derived_results_rollup
2026-10-spa|williams,2026,10,2026-10-spa,williams,8,11.0,0,derived_results_rollup
2026-10-spa|audi,2026,10,2026-10-spa,audi,9,10.0,0,derived_results_rollup
2026-10-spa|aston_martin,2026,10,2026-10-spa,aston_martin,10,1.0,0,derived_results_rollup
2026-10-spa|cadillac,2026,10,2026-10-spa,cadillac,11,0.0,0,derived_results_rollup
