id,driver_code,permanent_number,first_name,last_name,full_name,nationality,date_of_birth
abate,,,Carlo,Abate,Carlo Abate,Italian,1932-07-10
abecassis,,,George,Abecassis,George Abecassis,British,1913-03-21
acheson,,,Kenny,Acheson,Kenny Acheson,British,1957-11-27
adams,,,Philippe,Adams,Philippe Adams,Belgian,1969-11-19
ader,,,Walt,Ader,Walt Ader,American,1913-12-15
adolff,,,Kurt,Adolff,Kurt Adolff,German,1921-11-05
agabashian,,,Fred,Agabashian,Fred Agabashian,American,1913-08-21
ahrens,,,Kurt,Ahrens,Kurt Ahrens,German,1940-04-19
aitken,AIT,89.0,Jack,Aitken,Jack Aitken,British,1995-09-23
albers,ALB,,Christijan,Albers,Christijan Albers,Dutch,1979-04-16
albon,ALB,23.0,Alexander,Albon,Alexander Albon,Thai,1996-03-23
alboreto,,,Michele,Alboreto,Michele Alboreto,Italian,1956-12-23
alesi,,,Jean,Alesi,Jean Alesi,French,1964-06-11
alguersuari,ALG,,Jaime,Alguersuari,Jaime Alguersuari,Spanish,1990-03-23
alliot,,,Philippe,Alliot,Philippe Alliot,French,1954-07-27
allison,,,Cliff,Allison,Cliff Allison,British,1932-02-08
alonso,ALO,14.0,Fernando,Alonso,Fernando Alonso,Spanish,1981-07-29
amati,,,Giovanna,Amati,Giovanna Amati,Italian,1959-07-20
george_amick,,,George,Amick,George Amick,American,1924-10-24
amick,,,Red,Amick,Red Amick,American,1929-01-19
amon,,,Chris,Amon,Chris Amon,New Zealander,1943-07-20
anderson,,,Bob,Anderson,Bob Anderson,British,1931-05-19
andersson,,,Conny,Andersson,Conny Andersson,Swedish,1939-12-28
mario_andretti,,,Mario,Andretti,Mario Andretti,American,1940-02-28
andretti,,,Michael,Andretti,Michael Andretti,American,1962-10-05
andrews,,,Keith,Andrews,Keith Andrews,American,1920-06-15
antonelli,ANT,12.0,Andrea Kimi,Antonelli,Andrea Kimi Antonelli,Italian,2006-08-25
apicella,,,Marco,Apicella,Marco Apicella,Italian,1965-10-07
armi,,,Frank,Armi,Frank Armi,American,1918-10-12
arnold,,,Chuck,Arnold,Chuck Arnold,American,1926-05-30
arnoux,,,René,Arnoux,René Arnoux,French,1948-07-04
paul_aron,,,Paul,Aron,Paul Aron,,
arundell,,,Peter,Arundell,Peter Arundell,British,1933-11-08
ascari,,,Alberto,Ascari,Alberto Ascari,Italian,1918-07-13
ashdown,,,Peter,Ashdown,Peter Ashdown,British,1934-10-16
ashley,,,Ian,Ashley,Ian Ashley,British,1947-10-26
ashmore,,,Gerry,Ashmore,Gerry Ashmore,British,1936-07-25
aston,,,Bill,Aston,Bill Aston,British,1900-03-29
attwood,,,Richard,Attwood,Richard Attwood,British,1940-04-04
ayulo,,,Manny,Ayulo,Manny Ayulo,American,1921-10-20
badoer,BAD,,Luca,Badoer,Luca Badoer,Italian,1971-01-25
baghetti,,,Giancarlo,Baghetti,Giancarlo Baghetti,Italian,1934-12-25
bailey,,,Julian,Bailey,Julian Bailey,British,1961-10-09
baldi,,,Mauro,Baldi,Mauro Baldi,Italian,1954-01-31
ball,,,Bobby,Ball,Bobby Ball,American,1925-08-26
balsa,,,Marcel,Balsa,Marcel Balsa,French,1909-01-01
bandini,,,Lorenzo,Bandini,Lorenzo Bandini,Italian,1935-12-21
banks,,,Henry,Banks,Henry Banks,American,1913-06-14
barbazza,,,Fabrizio,Barbazza,Fabrizio Barbazza,Italian,1963-04-02
john_barber,,,John,Barber,John Barber,British,1929-07-22
barber,,,Skip,Barber,Skip Barber,American,1936-11-16
barilla,,,Paolo,Barilla,Paolo Barilla,Italian,1961-04-20
barrichello,BAR,,Rubens,Barrichello,Rubens Barrichello,Brazilian,1972-05-23
bartels,,,Michael,Bartels,Michael Bartels,German,1968-03-08
barth,,,Edgar,Barth,Edgar Barth,German,1917-01-26
bassi,,,Giorgio,Bassi,Giorgio Bassi,Italian,1934-01-20
bauer,,,Erwin,Bauer,Erwin Bauer,German,1912-07-17
baumgartner,,,Zsolt,Baumgartner,Zsolt Baumgartner,Hungarian,1981-01-01
bayol,,,Élie,Bayol,Élie Bayol,French,1914-02-28
bearman,BEA,87.0,Oliver,Bearman,Oliver Bearman,British,2005-05-08
beauman,,,Don,Beauman,Don Beauman,British,1928-07-26
bechem,,,Günther,Bechem,Günther Bechem,German,1921-12-21
dino_beganovic,,,Dino,Beganovic,Dino Beganovic,,
behra,,,Jean,Behra,Jean Behra,French,1921-02-16
bell,,,Derek,Bell,Derek Bell,British,1941-10-31
bellof,,,Stefan,Bellof,Stefan Bellof,German,1957-11-20
belmondo,,,Paul,Belmondo,Paul Belmondo,French,1963-04-23
belso,,,Tom,Belsø,Tom Belsø,Danish,1942-08-27
beltoise,,,Jean-Pierre,Beltoise,Jean-Pierre Beltoise,French,1937-04-26
beretta,,,Olivier,Beretta,Olivier Beretta,Monegasque,1969-11-23
berg,,,Allen,Berg,Allen Berg,Canadian,1961-08-01
georges_berger,,,Georges,Berger,Georges Berger,Belgian,1918-09-14
berger,,,Gerhard,Berger,Gerhard Berger,Austrian,1959-08-27
bernard,,,Éric,Bernard,Éric Bernard,French,1964-08-24
bernoldi,,,Enrique,Bernoldi,Enrique Bernoldi,Brazilian,1978-10-19
bertaggia,,,Enrico,Bertaggia,Enrico Bertaggia,Italian,1964-09-19
bettenhausen,,,Tony,Bettenhausen,Tony Bettenhausen,American,1916-09-12
beuttler,,,Mike,Beuttler,Mike Beuttler,British,1940-04-13
jules_bianchi,BIA,17.0,Jules,Bianchi,Jules Bianchi,French,1989-08-03
bianchi,,,Lucien,Bianchi,Lucien Bianchi,Belgian,1934-11-10
bianco,,,Gino,Bianco,Gino Bianco,Brazilian,1916-07-22
binder,,,Hans,Binder,Hans Binder,Austrian,1948-06-12
biondetti,,,Clemente,Biondetti,Clemente Biondetti,Italian,1898-08-18
bira,,,Prince,Bira,Prince Bira,Thai,1914-07-15
birger,,,Pablo,Birger,Pablo Birger,Argentine,1924-01-07
bisch,,,Art,Bisch,Art Bisch,American,1926-11-10
blanchard,,,Harry,Blanchard,Harry Blanchard,American,1929-06-13
bleekemolen,,,Michael,Bleekemolen,Michael Bleekemolen,Dutch,1949-10-02
blignaut,,,Alex,Blignaut,Alex Blignaut,South African,1932-11-30
blokdyk,,,Trevor,Blokdyk,Trevor Blokdyk,South African,1935-11-30
blundell,,,Mark,Blundell,Mark Blundell,British,1966-04-08
boesel,,,Raul,Boesel,Raul Boesel,Brazilian,1957-12-04
boffa,,,Menato,Boffa,Menato Boffa,Italian,1930-01-04
bondurant,,,Bob,Bondurant,Bob Bondurant,American,1933-04-27
bonetto,,,Felice,Bonetto,Felice Bonetto,Italian,1903-06-09
bonnier,,,Jo,Bonnier,Jo Bonnier,Swedish,1930-01-31
bonomi,,,Roberto,Bonomi,Roberto Bonomi,Argentine,1919-09-30
bordeu,,,Juan Manuel,Bordeu,Juan Manuel Bordeu,Argentine,1934-01-28
borgudd,,,Slim,Borgudd,Slim Borgudd,Swedish,1946-11-25
bortoleto,BOR,5.0,Gabriel,Bortoleto,Gabriel Bortoleto,Brazilian,2004-10-14
